{"cameraMode":{"drawMode":0,"name":"Shaded","section":"Shading Mode"},"sceneLighting":true,"audioPlay":false,"sceneViewState":{"m_AlwaysRefresh":false,"showFog":true,"showSkybox":true,"showFlares":true,"showImageEffects":true,"showParticleSystems":true,"showVisualEffectGraphs":true,"m_FxEnabled":true},"in2DMode":false,"pivot":{"x":-1.4495429992675782,"y":-0.35277271270751955,"z":-0.8331208229064941},"rotation":{"x":-0.1959763467311859,"y":0.5943907499313355,"z":-0.15228579938411714,"w":-0.7649204134941101},"size":3.8598525524139406,"orthographic":false}