{"cameraMode":{"drawMode":0,"name":"Shaded","section":"Shading Mode"},"sceneLighting":true,"audioPlay":false,"sceneViewState":{"m_AlwaysRefresh":false,"showFog":true,"showSkybox":true,"showFlares":true,"showImageEffects":true,"showParticleSystems":true,"showVisualEffectGraphs":true,"m_FxEnabled":true},"in2DMode":false,"pivot":{"x":-0.23236435651779176,"y":0.03900468349456787,"z":-0.19700907170772553},"rotation":{"x":-0.06922850012779236,"y":0.9307655096054077,"z":-0.25190386176109316,"w":-0.2557935118675232},"size":0.6283587217330933,"orthographic":false}